token_,count,p-value,obs/exp
dieu,640,2.858432623876333e-60,3.469247138799237
comme,462,0.0731665883491755,1.1061150092326009
sorciers,355,5.127620079605333e-66,9.26597829226427
autres,221,0.04575136952536594,1.18556016010245
diable,210,2.6568993806135396e-39,9.144009379637389
livre,191,1.1521632198600324e-13,2.6250332868612065
in,189,7.725142541757034e-13,2.5267377424937747
dit,175,0.027528830250111696,1.2534063587255964
point,174,0.07315893754745671,1.1869425268778422
fur,167,1.5916680567088476e-08,2.0943959957026275
faut,162,9.125646299342765e-06,1.739107511374089
mort,162,8.395133695601369e-12,2.6026643446081197
sathan,160,1.1626834330163822e-30,9.318180986868576
quand,158,0.042998760617750514,1.2382444036377083
dire,149,0.010747799464696669,1.3479698709159398
apres,143,0.03476858544875804,1.2654319858710412
celuy,138,0.01179561950592094,1.3550147272790976
hommes,125,0.01006579430252085,1.383340407789278
fai,120,4.0673484050042474e-13,3.642285727766219
auec,120,0.03722170754153982,1.2912029081111192
encores,120,1.5040031087480914e-05,1.9081599290515854
sorcier,116,3.7943080295865613e-22,9.160245715904702
homme,101,0.06837130612937316,1.2548483728983015
dict,100,0.0005191188550845288,1.7384666020277195
veu,100,0.019566109937768004,1.3825194342534977
loy,98,0.039527707530722496,1.3196267871576886
plufieurs,98,0.007598497003147347,1.4921270207730724
elles,95,0.07233739041732282,1.2682338019377002
efprits,88,3.712654894020264e-15,6.666666071905973
efprit,88,4.919816112412666e-13,5.222929470346718
cy,87,0.07392698836588621,1.278677832582912
chofes,87,0.0018796678660581796,1.6889203038699294
sorciere,86,3.259135926252296e-17,9.318180986868576
queles,85,0.0011822831422297875,1.725589071642329
cas,83,0.0035802678266575114,1.618010506088058
quel,80,0.019205918057269046,1.458815027298407
dift,76,1.4885101841669116e-09,3.9563226536425242
mot,73,1.3530577605480409e-05,2.4645913479761092
quelques,73,0.04501516225978749,1.3882188000845022
mourir,71,2.716659827310124e-06,2.779793487679281
liure,70,2.4641371257092464e-08,3.6237370504488906
peine,69,0.006605224777178976,1.6236224446816458
quele,68,0.03859194868978005,1.4239018137237376
sorcieres,68,5.787068640331819e-14,9.318180986868576
parle,66,0.0005911129028671624,1.9967530686146948
neantmoins,65,0.02742425593811999,1.491827005286841
quil,65,0.000798378255606319,1.9923742241659788
void,65,4.453590780817739e-08,3.8825754111952406
preuue,63,2.0768968429425518e-11,6.670970479235457
deuant,61,0.0036502550979116057,1.8102198732451693
femme,59,4.34480988512544e-05,2.545243880672435
verité,57,1.3273888553905634e-07,4.117335784895418
diables,56,1.4779514457682416e-11,8.996864401114488
hebrieux,55,5.115175986812592e-08,4.5353978254670055
moyens,54,0.00044956584922335475,2.287189878595014
difoit,54,0.00015612155314742473,2.4665773200534464
ad,51,0.004379910315661954,1.8709733477570762
second,51,3.71706164510192e-07,4.359882847066949
celle,50,0.09894493226173673,1.3349829494081056
pa,49,0.0003174724926020933,2.390528106578849
telles,49,0.0035373461089531254,1.9512430271647874
anges,48,8.691451405500646e-06,3.313131017553271
lib,47,2.8917248341766643e-09,7.299241773047052
ex,47,0.009299126328783438,1.7948955179623896
come,47,0.04436281563219758,1.5154135168955818
efcript,47,0.0003773736599300002,2.4330805910156834
pres,46,0.0024484065021708862,2.111508992098298
fille,46,2.106951946208912e-05,3.2472448893632917
pere,45,0.03016365935257432,1.582332620411645
malins,44,3.785650856408511e-09,8.36734619229015
diét,44,1.6166247516278493e-08,7.192981814424865
anciens,43,0.019215043704016607,1.7270766484282276
ap,43,0.009319809713921797,1.8636361973737152
h,43,0.0015759315807466544,2.2637388838155297
crime,43,3.659137983482256e-05,3.2054542594827904
faifoit,42,0.003570342780252357,2.1385989150190174
ff,42,1.8073135047437355e-07,6.415796745057053
ila,41,4.0778997162954484e-05,3.3221340909705357
appelle,41,0.05709904425708686,1.5281816818464466
perfonnes,41,0.0011147988567340719,2.4808144185818937
veut,41,0.031988763648778486,1.639679916144256
no,41,0.0003422538101650195,2.671646296934347
aduis,40,0.0408181531359592,1.6065829287704443
ur,40,0.0005071990771208728,2.588383607463493
oit,40,2.8464943375179824e-05,3.5497832330927905
cap,39,2.7638396465480987e-06,4.781698137998349
pat,39,0.009160765222527557,1.9126792551993395
face,39,0.0022782208290150407,2.2713066155492156
alors,39,0.03844171648081283,1.6080046835746657
fignifie,37,2.6444519106842964e-06,5.387073383033395
difent,37,4.916352678831595e-05,3.873850522630757
paroles,37,2.6444519106842964e-06,5.070186713443196
ja,37,0.08091096024898099,1.5055576266992896
mere,37,0.0015908597564307,2.4279767360150517
nc,36,0.009909636616264804,1.9849379616998153
iuges,36,0.009909636616264804,2.045454362971151
és,35,7.535357534190535e-06,4.867706485677615
malings,35,1.6729925874075718e-07,9.059342626122225
hiftoire,35,7.535357534190535e-06,4.867706485677615
maladie,35,0.0005436158140432337,3.019780875374076
ca,35,0.0032971855018267115,2.329545246717144
naturelles,35,0.0002674437973156021,3.327921781024491
mots,35,0.029016371530086404,1.791957882090111
parles,34,0.05237294957355525,1.6330832657398535
lesautres,33,0.003968067490028909,2.3653844043589465
difant,33,0.0006293264857490159,2.956730505448683
ec,33,0.0006293264857490159,2.956730505448683
enfant,33,0.00030269168483456195,3.379120577655638
it,33,0.0006293264857490159,3.07499972566663
procés,33,5.411827890398519e-07,8.541665904629527
quia,32,0.04593838275279386,1.6565655087766356
efcripture,32,3.7077366188167678e-06,6.482212860430313
maiftre,32,0.03243907447492071,1.7962758528903275
chap,32,0.000469823214944692,3.2411064302151567
ll,32,0.0009560240298033937,2.8130357696207025
quelquesfois,32,0.009305668075099242,2.0851873537048564
fit,32,0.02218025701141106,1.92375349406319
accord,31,0.059439172776126425,1.613763187669977
at,31,0.0047763846949985585,2.3484846389668768
aage,31,0.059439172776126425,1.6228292729939657
ic,31,0.08036539731026497,1.536508566983648
g,31,0.0026985623393827847,2.602374870206539
ft,31,0.0003394041468767264,3.3202713861255844
dedans,31,0.0047763846949985585,2.4479966999400498
al,31,0.0026985623393827847,2.602374870206539
ge,31,0.04269911182882293,1.7401422324875049
crimes,31,0.0003394041468767264,3.438852507058641
humain,30,0.0011097125616678326,2.9425834695374453
tiennent,30,0.055681853015876574,1.625264125616612
el,30,0.011307698976669125,2.1839486687973224
beftes,30,0.01783949115654763,1.9412877055976199
queftion,30,0.00395501772348342,2.518427293748264
naturelle,30,0.07618091805062616,1.5883263045798708
impieté,29,1.925439065526585e-05,6.2843546190509
met,29,0.09668185810578052,1.5096494336267525
oy,29,0.0008282794624837685,3.070764188854417
pareil,29,0.005750085330896698,2.502104153881377
voyant,29,0.0097544669165245,2.2708172152873
ena,29,0.003210918799344401,2.729568167870593
do,29,0.0097544669165245,2.2900614289761756
ho,28,0.00025387975711052086,3.8368980534164723
parla,28,0.004734530199244034,2.583258095369506
voix,28,0.04805419812562327,1.7393937842154674
humaine,28,0.0005960860830572912,3.388429449770391
trouua,28,0.0025469505627192406,2.8671326113441777
iours,28,0.008289623465834173,2.249216100278622
ve,28,0.06755815645541136,1.600669126578651
elt,28,0.0012805613309694595,3.106060328956192
iugement,28,0.03298378462874489,1.8245389344917493
chapitre,27,0.0009383518801428813,3.3998768465601565
maladies,27,0.0019651492713691145,2.9254754261099016
parlant,27,0.019229872780779866,2.062220382339767
croire,27,0.0038135367102987063,2.705278351026361
remarqué,27,0.0019651492713691145,3.031215501752428
ques,26,0.08205444670082936,1.593899379332783
da,26,0.016768609378960946,2.1251991724437103
tousles,26,0.01003174979138222,2.329545246717144
im,26,0.016768609378960946,2.0885578074015774
foudain,26,0.00026728816169890727,4.03787842764305
faiét,26,0.000658831619169049,3.6707985705845907
caril,26,0.01003174979138222,2.329545246717144
deflus,26,0.00026728816169890727,4.486531586270055
quine,26,0.016768609378960946,2.163149157665919
op,26,0.00026728816169890727,4.177115614803155
certaine,26,0.005662194653563214,2.5773692091338614
celeftes,25,0.01440186445823516,2.329545246717144
maisil,25,0.002274214290311956,2.986596470150185
lifons,25,0.023506270011915756,2.0082286609630553
ges,25,0.004517975748868706,2.9119315583964305
vnc,25,0.023506270011915756,2.0986894114568866
ordinaire,25,0.07691115298556037,1.688076265737061
voulu,25,0.07691115298556037,1.6290526200819189
moyfe,25,0.00016231304074722512,5.417547085388707
creatures,25,5.180735332332169e-05,5.681817674919864
quad,25,0.00016231304074722512,5.294421015266236
charmes,25,1.3705602756473631e-05,8.627945358211644
cit,24,0.012147811353388707,2.329545246717144
he,24,0.020471801253335007,2.09005928677426
us,24,0.020471801253335007,2.1298699398556744
ange,24,0.0007149374976715375,3.7904465031329804
facrifices,24,8.991607380551205e-05,6.389609819567023
nui,24,8.991607380551205e-05,5.7342652226883555
ure,24,0.0016623716876457313,3.66616956860403
allemaigne,24,2.4592812906306215e-05,8.28282754388318
plutarque,23,0.02879670476436223,2.0411253590283547
àla,23,0.044752769827523325,1.9307942585403355
œuures,23,0.00015525068664769701,5.792382775621007
quis,23,0.010026339892951845,2.6136361304631373
lon,23,0.06623316864575152,1.7145453015838181
ray,23,0.005334216440068803,2.8575755026396967
prophetes,23,4.3949534942157596e-05,7.390281472344044
dieux,23,0.0026099445270276757,3.456744559644794
brufler,23,0.00015525068664769701,6.303475373469919
noir,23,0.0004557899057244634,4.659090493434287
enla,23,0.010026339892951845,2.5213901493879676
lo,23,0.001157105804501308,3.632511232169106
peines,23,0.09385208721621788,1.6743606460779472
qvatriesme,23,0.0026099445270276757,3.456744559644794
diaboliques,22,1.792528291376574e-05,8.91304268309168
defquels,22,0.025042920227390065,2.1134018733103987
ae,22,0.014719021247452288,2.356321628863318
trouué,22,0.014719021247452288,2.383720717571031
marque,22,0.025042920227390065,2.3033705810236933
malin,22,7.819886221554425e-05,7.068964886589955
heure,22,0.014719021247452288,2.49999977696474
prefomptions,22,1.792528291376574e-05,9.318180986868576
salomon,21,0.0012462532249585031,3.9935061372293896
iu,21,0.03536785787673092,2.0598084286762117
sain,21,0.00045497075120266096,5.755347080124708
ab,21,0.012055166920659683,2.574760535845265
dauid,21,0.00045497075120266096,4.8920450181060025
lessorciers,21,3.2994918107262385e-05,9.318180986868576
mary,21,0.00045497075120266096,5.017482069852311
femblables,21,0.02137993629009025,2.4460225090530012
ls,21,0.05507910247972549,1.8815557761946164
nt,21,0.02137993629009025,2.2753697758632567
quieft,20,0.004675614360178702,3.388429449770391
eftà,20,0.01784324595152404,2.5529262977722125
paul,20,0.01784324595152404,2.518427293748264
mo,20,0.07479196961525912,1.8824608054279952
ent,20,0.07479196961525912,1.8636361973737152
mefchans,20,0.03070564379843819,2.218614520682994
diuine,20,0.07479196961525912,1.7417160723118834
tantoft,20,0.01784324595152404,2.588383607463493
vifion,20,0.00024398621241559427,6.011729668947468
lay,20,0.01784324595152404,2.6248397146108666
ui,20,0.049357058817605666,1.94128770559762
samuel,20,0.0007715054521965002,5.036854587496528
prieres,20,0.0007715054521965002,5.176767214926986
dece,20,0.009575015329663846,2.8671326113441773
leu,20,0.009575015329663846,2.7815465632443512
fs,20,0.0007715054521965002,5.176767214926986
confefla,20,6.0515521711291544e-05,8.102766075537891
quien,19,0.0033039451822127097,4.215367589297689
eten,19,0.0012990970626303498,4.659090493434289
nb,19,0.00011055664396661604,7.697627771760997
id,19,0.007313898114726567,3.052507564663844
dicu,19,0.007313898114726567,3.052507564663844
dirons,19,0.06801000911261108,1.844223320317739
ci,19,0.06801000911261108,1.9244069429402493
fonges,19,0.0004274837515834475,6.55723847224085
cha,19,0.043569218044895705,2.0118799858011696
mettray,19,0.0012990970626303498,4.318181432939096
defendu,19,0.043569218044895705,2.213067984381287
bouche,19,0.043569218044895705,2.0586678924477084
so,19,0.014474954020300253,2.7663349804766084
recite,19,0.0004274837515834475,7.376893281270956
bouc,19,0.00011055664396661604,7.697627771760997
troisiesme,19,0.026112308409876918,2.4589644270903186
proceder,19,0.0033039451822127097,3.9343430833445097
prefomption,19,0.00011055664396661604,9.318180986868578
coll,19,0.00011055664396661604,8.047519943204678
mauuais,18,0.09245258845403673,1.747158935037858
dæmons,18,0.0002011134574288903,9.318180986868574
ij,18,0.02163673036673544,2.662337424819593
illuy,18,0.0007444543381849166,5.990259205844085
ir,18,0.005309031673204191,3.494317870075716
thomas,18,0.011324291145164233,2.795454296060573
fain,18,0.011324291145164233,3.2255241877621996
figure,18,0.09245258845403673,1.7655500817224672
deteftable,18,0.002170821977948264,4.300698917016266
deteftables,18,0.0007444543381849166,5.990259205844085
cs,18,0.02163673036673544,2.662337424819593
hebrieu,18,0.0007444543381849166,5.241476805113574
tuer,18,0.09245258845403673,1.863636197373715
pr,18,0.02163673036673544,2.5413220873277935
uo,18,0.0007444543381849166,6.451048375524399
nommé,18,0.02163673036673544,2.7052783510263607
poudres,18,0.0002011134574288903,9.318180986868574
guerir,18,0.0002011134574288903,8.386362888181718
payens,17,0.0012878647895135235,6.600378199031908
beaux,17,0.017340155780351665,2.6848996063858612
cftoit,17,0.08430610519036043,1.908543093695973
commeil,17,0.08430610519036043,1.9318180094727537
humaines,17,0.0538660503162608,2.231113757419237
parlé,17,0.0538660503162608,2.169987353106381
filles,17,0.08430610519036043,1.8207939859398365
onb,17,0.00036412615723847614,9.318180986868576
magie,17,0.00036412615723847614,8.337319830356096
viue,17,0.0012878647895135235,5.657467027741635
ch,17,0.00844758578802704,3.2328383015666486
quife,17,0.00844758578802704,3.6002062903810406
certaines,17,0.0538660503162608,2.262986811096654
iuge,17,0.08430610519036043,1.8207939859398365
puny,17,0.0012878647895135235,5.8670028435839185
sort,17,0.0012878647895135235,5.280302559225526
ventre,17,0.00844758578802704,3.106060328956192
confeflion,17,0.00036412615723847614,8.800504265375876
luge,17,0.0012878647895135235,5.657467027741635
nu,16,0.04656127229727627,2.44411304573602
demons,16,0.0757835913871941,1.936245399868795
docteurs,16,0.005907107091276802,4.385026346761682
foubz,16,0.0006558504349962319,7.846889252099855
vengeance,16,0.013298300318776077,2.981817915797944
diabolique,16,0.0006558504349962319,9.318180986868576
fine,16,0.002211713249823047,5.141065372065421
mm,16,0.04656127229727627,2.4046918675789875
dequoy,16,0.04656127229727627,2.293706089075342
dormant,16,0.0006558504349962319,7.454544789494862
effe,16,0.0757835913871941,1.9878786105319628
vont,16,0.0757835913871941,2.0423410382177702
ts,16,0.04656127229727627,2.293706089075342
vnautre,16,0.005907107091276802,4.141413771941589
idolatrie,16,0.0006558504349962319,9.318180986868576
prophete,16,0.002211713249823047,5.963635831595888
entendu,16,0.04656127229727627,2.192513173380841
die,16,0.04656127229727627,2.192513173380841
laon,16,0.0006558504349962319,7.846889252099855
col,16,0.026233539067566296,2.710743559816313
lasorciere,16,0.0006558504349962319,9.318180986868576
punition,16,0.04656127229727627,2.293706089075342
parolles,16,0.0757835913871941,1.8872265289860406
homicide,16,0.0006558504349962319,8.282827543883178
malade,15,0.03916984253212615,2.3690290644581125
grec,15,0.020690169522941053,3.250528251233224
mou,15,0.020690169522941053,2.91193155839643
voile,15,0.03916984253212615,2.5883836074634936
chair,15,0.03916984253212615,2.4521528912812043
copulation,15,0.0011744998321397428,7.356458673843614
maling,15,0.0011744998321397428,8.73579467518929
foient,15,0.06689049281581283,2.2543986258553006
vfent,15,0.009602872699053322,3.8825754111952397
dic,15,0.06689049281581283,2.2543986258553006
prophetie,15,0.003767746817903997,5.375873646270333
eftle,15,0.06689049281581283,2.0256915188844733
prier,15,0.003767746817903997,5.375873646270333
ant,15,0.009602872699053322,3.583915764180222
cfté,15,0.020690169522941053,3.1766526091597416
quin,15,0.06689049281581283,2.0554811000445388
eftrange,15,0.03916984253212615,2.6879368231351664
merite,15,0.06689049281581283,2.0554811000445388
anneau,15,0.0011744998321397428,6.353305218319483
preftre,15,0.003767746817903997,4.991882671536737
illicites,15,0.003767746817903997,4.991882671536737
images,15,0.009602872699053322,3.777640940622396
cheual,15,0.03916984253212615,2.4959413357683684
cire,15,0.009602872699053322,3.678229336921807
bald,15,0.0011744998321397428,7.356458673843614
dedieu,14,0.0020898095128518888,8.696968921077337
oracles,14,0.0020898095128518888,6.522726690808004
pi,14,0.09461291775673893,2.1041053841316137
toit,14,0.09461291775673893,1.976583845699395
demeurent,14,0.09461291775673893,2.0707068859707944
fr,14,0.05765086760783786,2.249216100278622
merueilles,14,0.0020898095128518888,5.929751537098184
hiftoires,14,0.09461291775673893,2.0707068859707944
confeffion,14,0.0020898095128518888,9.318180986868576
temple,14,0.09461291775673893,2.038352090877501
pefte,14,0.006361254689148624,4.659090493434288
ed,14,0.03177837894795938,3.033826367817676
cat,14,0.09461291775673893,2.038352090877501
autheur,14,0.015438532237740525,3.261363345404002
fo,14,0.09461291775673893,1.976583845699395
lb,14,0.0020898095128518888,8.153408363510003
fortileges,14,0.0020898095128518888,8.696968921077337
rs,14,0.09461291775673893,1.976583845699395
village,14,0.006361254689148624,5.435605575673336
nd,14,0.015438532237740525,3.72727239474743
fel,14,0.09461291775673893,1.9184490267082361
accusé,14,0.006361254689148624,4.498432200557244
faifoyent,14,0.05765086760783786,2.1742422302693343
á,14,0.015438532237740525,3.62373705044889
dessorciers,14,0.0020898095128518888,9.318180986868576
reproche,14,0.015438532237740525,3.1818178979551237
dzmons,13,0.0009152480238682032,9.318180986868576
oi,13,0.08352501258823063,2.163149157665919
aquin,13,0.0036916747001376317,6.729797379405082
meímes,13,0.02451655693525193,2.954545190958329
notoire,13,0.02451655693525193,3.187798758665566
difons,13,0.08352501258823063,2.329545246717144
eff,13,0.08352501258823063,2.285591562816821
prefence,13,0.02451655693525193,3.187798758665566
cueur,13,0.02451655693525193,3.461038652265471
veillant,13,0.0036916747001376317,8.652596630663677
lt,13,0.02451655693525193,3.461038652265471
mourut,13,0.048119421149505716,2.523674017276906
nousauons,13,0.0036916747001376317,7.125667813487735
ayde,13,0.048119421149505716,2.5773692091338614
cod,13,0.0036916747001376317,7.125667813487735
bruit,13,0.02451655693525193,3.0284088207322877
confeffa,13,0.0036916747001376317,8.0757568552861
bruflee,13,0.0036916747001376317,7.571022051830718
tit,13,0.010633090512007615,3.785511025915359
sorcelleries,13,0.0009152480238682032,9.318180986868576
troisieme,13,0.0009152480238682032,9.318180986868576
spranger,13,0.0009152480238682032,9.318180986868576
ye,12,0.01757507766496486,4.659090493434288
ob,12,0.03840103912391402,2.7272724839615345
sor,12,0.006468355292891431,5.8851669390748915
pourl,12,0.01757507766496486,3.4943178700757156
deuoit,12,0.07172379637376367,2.379110039200487
theologiens,12,0.01757507766496486,4.14141377194159
nez,12,0.07172379637376367,2.5413220873277935
quiauoit,12,0.03840103912391402,3.106060328956192
laterre,12,0.03840103912391402,3.1948049097835116
ence,12,0.03840103912391402,2.7954542960605733
poinét,12,0.03840103912391402,3.0221127524979168
faic,12,0.07172379637376367,2.4848482631649533
maymon,12,0.006468355292891431,6.988635740151431
quile,12,0.03840103912391402,3.0221127524979168
vifions,12,0.006468355292891431,7.454544789494861
aprez,12,0.03840103912391402,2.8671326113441777
heures,12,0.07172379637376367,2.236363436848458
ieune,12,0.07172379637376367,2.5413220873277935
cel,12,0.03840103912391402,3.3884294497703915
iob,12,0.006468355292891431,6.988635740151431
caracteres,12,0.0017085490623479516,9.318180986868576
attirer,12,0.01757507766496486,3.855799029049066
paruenir,12,0.03840103912391402,3.288769760071262
noter,12,0.01757507766496486,4.300698917016266
nuict,12,0.01757507766496486,4.300698917016266
penfent,12,0.07172379637376367,2.379110039200487
cr,12,0.07172379637376367,2.4848482631649533
ignorance,12,0.03840103912391402,3.106060328956192
vfe,12,0.03840103912391402,2.7272724839615345
ily,12,0.01757507766496486,4.300698917016266
prifon,12,0.07172379637376367,2.2820035069882225
hoftie,12,0.006468355292891431,6.988635740151431
violente,12,0.01757507766496486,4.472726873696916
inquifiteur,12,0.006468355292891431,7.454544789494861
ibi,12,0.006468355292891431,5.8851669390748915
than,12,0.0017085490623479516,8.601397834032532
ph,12,0.006468355292891431,5.082644174655587
douleur,12,0.07172379637376367,2.6623374248195932
saint,12,0.03840103912391402,2.8671326113441777
malefice,12,0.0017085490623479516,9.318180986868576
condemnation,12,0.006468355292891431,6.988635740151431
sd,11,0.01122855329538963,4.880951945502588
createur,11,0.05922833381077699,3.014705613398657
auguftin,11,0.01122855329538963,6.406249428472146
elf,11,0.01122855329538963,6.406249428472146
pt,11,0.02868261263641819,3.6607139591269404
loups,11,0.05922833381077699,3.014705613398657
ale,11,0.05922833381077699,2.8472219682098423
quiluy,11,0.05922833381077699,2.8472219682098423
claire,11,0.05922833381077699,2.6282048937321627
saul,11,0.01122855329538963,4.45652134154584
ignorans,11,0.02868261263641819,3.6607139591269404
nouslifons,11,0.05922833381077699,2.8472219682098423
croix,11,0.01122855329538963,5.124999542777717
efcrire,11,0.02868261263641819,3.5344824432949773
demoniaques,11,0.0031731650982133462,8.541665904629529
st,11,0.05922833381077699,3.106060328956192
experience,11,0.05922833381077699,2.9285711673015524
horreur,11,0.05922833381077699,2.8472219682098423
bie,11,0.02868261263641819,3.6607139591269404
ét,11,0.02868261263641819,3.203124714236073
meftier,11,0.02868261263641819,3.203124714236073
offencer,11,0.01122855329538963,6.833332723703623
beftail,11,0.02868261263641819,3.942307340598244
dd,11,0.02868261263641819,3.4166663618518114
euefque,11,0.02868261263641819,3.203124714236073
violentes,11,0.01122855329538963,5.694443936419685
accufé,11,0.01122855329538963,6.833332723703623
tefmoing,11,0.01122855329538963,6.406249428472146
iamblique,10,0.0058583927223779695,9.318180986868576
demon,10,0.08977573107575745,2.588383607463493
pharaon,10,0.019284530842819902,6.212120657912384
meres,10,0.019284530842819902,4.051383037768946
parlent,10,0.019284530842819902,4.235536812212989
quifont,10,0.08977573107575745,2.4521528912812047
perfonnages,10,0.04613778933439017,3.106060328956192
ofte,10,0.04613778933439017,3.88257541119524
cores,10,0.08977573107575745,2.588383607463493
coups,10,0.08977573107575745,2.518427293748264
quelcun,10,0.019284530842819902,6.212120657912384
ly,10,0.04613778933439017,3.451178143284658
faifi,10,0.019284530842819902,5.82386311679286
chaffer,10,0.04613778933439017,3.327921781024491
diuin,10,0.08977573107575745,2.8236912081419927
augustin,10,0.019284530842819902,4.9043057825624095
malades,10,0.04613778933439017,3.2131658575408886
prefumer,10,0.0058583927223779695,7.167831528360444
hieremie,10,0.0058583927223779695,7.76515082239048
py,10,0.019284530842819902,5.176767214926986
demanda,10,0.08977573107575745,2.389277176120148
diuination,10,0.0058583927223779695,8.471073624425978
home,10,0.019284530842819902,4.659090493434288
quon,10,0.04613778933439017,3.005864834473734
chrift,10,0.019284530842819902,4.437229041365988
galen,10,0.0058583927223779695,7.167831528360444
tie,10,0.08977573107575745,2.389277176120148
herbe,10,0.04613778933439017,3.451178143284658
medecins,10,0.04613778933439017,3.2131658575408886
pendu,10,0.019284530842819902,5.82386311679286
verbe,10,0.019284530842819902,6.212120657912384
tomba,10,0.019284530842819902,4.437229041365988
vifue,10,0.0058583927223779695,8.471073624425978
fuis,10,0.08977573107575745,2.662337424819593
venger,10,0.04613778933439017,3.88257541119524
homicides,10,0.019284530842819902,6.212120657912384
gue,10,0.08977573107575745,2.8236912081419927
malefices,10,0.0058583927223779695,9.318180986868576
tefmoings,10,0.0058583927223779695,7.76515082239048
intelligences,9,0.01074078103770079,8.386362888181718
ileftoit,9,0.03271152845599133,4.659090493434287
principes,9,0.07299252129674312,3.2255241877621996
philon,9,0.03271152845599133,4.413875204306168
phi,9,0.07299252129674312,2.795454296060573
dextre,9,0.07299252129674312,2.8918492717868
touftours,9,0.03271152845599133,4.659090493434287
abraham,9,0.03271152845599133,5.241476805113574
bible,9,0.03271152845599133,5.990259205844085
furle,9,0.03271152845599133,4.659090493434287
fuyuant,9,0.07299252129674312,2.8918492717868
voyoit,9,0.03271152845599133,4.413875204306168
cut,9,0.07299252129674312,2.8918492717868
grad,9,0.07299252129674312,2.7052783510263607
int,9,0.07299252129674312,3.494317870075716
parainfi,9,0.07299252129674312,3.106060328956192
forceleries,9,0.01074078103770079,9.318180986868574
planette,9,0.01074078103770079,7.62396626198338
mirande,9,0.03271152845599133,5.990259205844085
mn,9,0.07299252129674312,2.7052783510263607
cabale,9,0.01074078103770079,7.62396626198338
infe,9,0.07299252129674312,3.494317870075716
babylone,9,0.03271152845599133,5.590908592121146
enuoyé,9,0.03271152845599133,4.413875204306168
nefaut,9,0.07299252129674312,3.494317870075716
indubitable,9,0.03271152845599133,4.659090493434287
od,9,0.07299252129674312,2.795454296060573
exprefle,9,0.03271152845599133,3.81198313099169
charme,9,0.01074078103770079,6.451048375524399
ang,9,0.03271152845599133,3.646244733992051
tm,9,0.07299252129674312,3.494317870075716
can,9,0.07299252129674312,3.106060328956192
veri,9,0.03271152845599133,4.193181444090859
confeflions,9,0.01074078103770079,9.318180986868574
bruflée,9,0.01074078103770079,6.988635740151432
chafler,9,0.03271152845599133,4.659090493434287
complices,9,0.01074078103770079,6.988635740151432
qvatriesm,9,0.03271152845599133,5.590908592121146
depofition,9,0.01074078103770079,9.318180986868574
fuperftitions,8,0.019529321115709798,9.318180986868576
creé,8,0.0546834814270144,3.727272394747431
couché,8,0.019529321115709798,6.776858899540782
ouil,8,0.0546834814270144,3.9234446260499274
eternelle,8,0.0546834814270144,5.3246748496391865
voyla,8,0.019529321115709798,5.734265222688355
libro,8,0.019529321115709798,8.282827543883178
pan,8,0.0546834814270144,3.549783233092791
br,8,0.0546834814270144,3.2411064302151567
vifs,8,0.0546834814270144,3.9234446260499274
execrable,8,0.0546834814270144,4.9696965263299075
merucilles,8,0.0546834814270144,4.659090493434288
ys,8,0.0546834814270144,4.385026346761682
feift,8,0.019529321115709798,9.318180986868576
academiques,8,0.0546834814270144,5.3246748496391865
moyés,8,0.0546834814270144,4.9696965263299075
adam,8,0.019529321115709798,8.282827543883178
pfalme,8,0.019529321115709798,9.318180986868576
mefchanceté,8,0.019529321115709798,5.734265222688355
quesfois,8,0.0546834814270144,4.385026346761682
prit,8,0.0546834814270144,3.2411064302151567
fentoit,8,0.019529321115709798,8.282827543883178
deftourner,8,0.0546834814270144,5.3246748496391865
fonge,8,0.019529321115709798,8.282827543883178
veritables,8,0.0546834814270144,4.659090493434288
did,8,0.0546834814270144,3.9234446260499274
í,8,0.0546834814270144,3.727272394747431
cíprits,8,0.019529321115709798,7.454544789494862
adorer,8,0.0546834814270144,4.9696965263299075
plufteurs,8,0.0546834814270144,5.3246748496391865
defcouuert,8,0.0546834814270144,3.549783233092791
mb,8,0.019529321115709798,6.776858899540782
queie,8,0.0546834814270144,3.2411064302151567
predictions,8,0.019529321115709798,7.454544789494862
deuins,8,0.019529321115709798,9.318180986868576
pafle,8,0.019529321115709798,6.776858899540782
quec,8,0.0546834814270144,3.727272394747431
bruflé,8,0.0546834814270144,3.2411064302151567
cacher,8,0.0546834814270144,4.141413771941589
quit,8,0.0546834814270144,3.727272394747431
tourné,8,0.0546834814270144,3.549783233092791
medecin,8,0.0546834814270144,3.2411064302151567
craignent,8,0.0546834814270144,3.727272394747431
hippocrate,8,0.0546834814270144,3.9234446260499274
prez,8,0.0546834814270144,4.9696965263299075
facro,8,0.019529321115709798,8.282827543883178
laifle,8,0.0546834814270144,4.141413771941589
canon,8,0.0546834814270144,4.659090493434288
poi,8,0.019529321115709798,5.734265222688355
refpondit,8,0.0546834814270144,5.3246748496391865
ietter,8,0.0546834814270144,4.659090493434288
nud,8,0.019529321115709798,6.776858899540782
sorcicres,8,0.019529321115709798,9.318180986868576
nj,8,0.019529321115709798,7.454544789494862
afne,8,0.0546834814270144,4.385026346761682
pot,8,0.0546834814270144,4.9696965263299075
interrogatoires,8,0.019529321115709798,9.318180986868576
sainét,8,0.019529321115709798,7.454544789494862
martin,8,0.0546834814270144,3.549783233092791
crapaux,8,0.019529321115709798,8.282827543883178
samedy,8,0.0546834814270144,5.3246748496391865
latorture,8,0.019529321115709798,9.318180986868576
troif,8,0.019529321115709798,8.282827543883178
ib,8,0.0546834814270144,4.659090493434288
accufe,8,0.019529321115709798,7.454544789494862
permanent,8,0.019529321115709798,8.282827543883178
fainéte,7,0.08983924916592516,3.8368980534164723
ig,7,0.08983924916592516,4.3484844605386686
lance,7,0.08983924916592516,2.835968126438262
gi,7,0.08983924916592516,3.106060328956192
nefont,7,0.08983924916592516,2.835968126438262
pfalmes,7,0.035153749571180906,7.24747410089778
hit,7,0.08983924916592516,3.8368980534164723
auliure,7,0.035153749571180906,5.929751537098184
foir,7,0.08983924916592516,3.261363345404002
cp,7,0.035153749571180906,5.929751537098184
facrifice,7,0.08983924916592516,4.3484844605386686
furles,7,0.08983924916592516,3.106060328956192
paffage,7,0.035153749571180906,7.24747410089778
aumofne,7,0.035153749571180906,6.522726690808004
fçeu,7,0.035153749571180906,7.24747410089778
prophe,7,0.035153749571180906,7.24747410089778
preftres,7,0.08983924916592516,3.106060328956192
difoient,7,0.035153749571180906,8.153408363510003
penitence,7,0.035153749571180906,9.318180986868576
sathá,7,0.035153749571180906,9.318180986868576
effueil,7,0.035153749571180906,7.24747410089778
trouuoit,7,0.08983924916592516,3.106060328956192
jo,7,0.08983924916592516,4.076704181755002
neatmoins,7,0.035153749571180906,5.435605575673336
quelessorciers,7,0.035153749571180906,9.318180986868576
miracles,7,0.035153749571180906,7.24747410089778
daniel,7,0.08983924916592516,4.076704181755002
hymnes,7,0.035153749571180906,8.153408363510003
cv,7,0.035153749571180906,7.24747410089778
auos,7,0.08983924916592516,3.261363345404002
diuins,7,0.035153749571180906,6.522726690808004
occultes,7,0.035153749571180906,5.435605575673336
deuin,7,0.035153749571180906,9.318180986868576
quece,7,0.08983924916592516,2.835968126438262
veau,7,0.08983924916592516,3.261363345404002
pra,7,0.08983924916592516,3.261363345404002
illicite,7,0.035153749571180906,5.929751537098184
confefler,7,0.08983924916592516,3.62373705044889
eternité,7,0.08983924916592516,3.62373705044889
vfant,7,0.08983924916592516,2.964875768549092
enquerir,7,0.08983924916592516,4.076704181755002
portes,7,0.08983924916592516,3.106060328956192
licites,7,0.035153749571180906,5.929751537098184
lil,7,0.035153749571180906,5.929751537098184
ln,7,0.08983924916592516,3.8368980534164723
morbo,7,0.035153749571180906,9.318180986868576
onles,7,0.08983924916592516,3.4330140477936864
couurir,7,0.08983924916592516,4.076704181755002
iffue,7,0.08983924916592516,4.659090493434288
bourreau,7,0.08983924916592516,4.659090493434288
conuention,7,0.035153749571180906,7.24747410089778
tl,7,0.08983924916592516,4.3484844605386686
confefle,7,0.035153749571180906,5.435605575673336
auecles,7,0.08983924916592516,2.964875768549092
nemo,7,0.035153749571180906,5.929751537098184
poflible,7,0.08983924916592516,4.3484844605386686
poifon,7,0.035153749571180906,5.435605575673336
vier,7,0.035153749571180906,5.435605575673336
sorcicre,7,0.035153749571180906,9.318180986868576
ol,7,0.08983924916592516,3.4330140477936864
quesathan,7,0.035153749571180906,9.318180986868576
coupable,7,0.08983924916592516,3.106060328956192
teímoing,7,0.035153749571180906,9.318180986868576
pendre,7,0.08983924916592516,3.62373705044889
payans,7,0.08983924916592516,4.076704181755002
sorcie,7,0.035153749571180906,9.318180986868576
bb,7,0.08983924916592516,4.076704181755002
sorcellerie,7,0.035153749571180906,9.318180986868576
parricides,7,0.08983924916592516,3.62373705044889
euidente,7,0.035153749571180906,5.929751537098184
torture,7,0.035153749571180906,5.435605575673336
preuuc,7,0.035153749571180906,5.435605575673336
accufee,7,0.035153749571180906,9.318180986868576
bartol,7,0.08983924916592516,4.659090493434288
sorcters,6,0.06249699946278293,9.318180986868576
etles,6,0.06249699946278293,4.659090493434288
porphyre,6,0.06249699946278293,5.5909085921211465
eftchofe,6,0.06249699946278293,7.987012274458779
anciés,6,0.06249699946278293,6.212120657912384
peché,6,0.06249699946278293,6.212120657912384
dieua,6,0.06249699946278293,6.212120657912384
mocque,6,0.06249699946278293,6.988635740151431
memorable,6,0.06249699946278293,5.5909085921211465
faincte,6,0.06249699946278293,7.987012274458779
lot,6,0.06249699946278293,6.988635740151431
quetous,6,0.06249699946278293,5.5909085921211465
jn,6,0.06249699946278293,6.212120657912384
neluy,6,0.06249699946278293,4.659090493434288
defert,6,0.06249699946278293,7.987012274458779
cltoir,6,0.06249699946278293,5.5909085921211465
parloir,6,0.06249699946278293,7.987012274458779
apollon,6,0.06249699946278293,4.300698917016266
inb,6,0.06249699946278293,7.987012274458779
sop,6,0.06249699946278293,9.318180986868576
fainct,6,0.06249699946278293,6.212120657912384
oraifons,6,0.06249699946278293,9.318180986868576
defcouurir,6,0.06249699946278293,4.659090493434288
idolatries,6,0.06249699946278293,9.318180986868576
inuocations,6,0.06249699946278293,9.318180986868576
predi,6,0.06249699946278293,9.318180986868576
noté,6,0.06249699946278293,5.5909085921211465
beltes,6,0.06249699946278293,5.082644174655587
sathà,6,0.06249699946278293,9.318180986868576
mailtre,6,0.06249699946278293,9.318180986868576
rabin,6,0.06249699946278293,5.5909085921211465
creature,6,0.06249699946278293,5.082644174655587
lumieres,6,0.06249699946278293,6.988635740151431
futures,6,0.06249699946278293,4.300698917016266
pofition,6,0.06249699946278293,6.212120657912384
ics,6,0.06249699946278293,4.300698917016266
mangé,6,0.06249699946278293,4.300698917016266
dz,6,0.06249699946278293,5.5909085921211465
tempeftes,6,0.06249699946278293,4.659090493434288
vnsorcier,6,0.06249699946278293,9.318180986868576
maisie,6,0.06249699946278293,6.988635740151431
deceluy,6,0.06249699946278293,6.212120657912384
facrifier,6,0.06249699946278293,6.988635740151431
fl,6,0.06249699946278293,4.300698917016266
hofties,6,0.06249699946278293,7.987012274458779
np,6,0.06249699946278293,5.082644174655587
yo,6,0.06249699946278293,4.659090493434288
inuoquer,6,0.06249699946278293,9.318180986868576
damnable,6,0.06249699946278293,7.987012274458779
voifine,6,0.06249699946278293,5.082644174655587
hift,6,0.06249699946278293,6.212120657912384
cachees,6,0.06249699946278293,7.987012274458779
ht,6,0.06249699946278293,5.5909085921211465
demoniaque,6,0.06249699946278293,9.318180986868576
efpritz,6,0.06249699946278293,9.318180986868576
bru,6,0.06249699946278293,4.659090493434288
oudain,6,0.06249699946278293,7.987012274458779
sabath,6,0.06249699946278293,9.318180986868576
guife,6,0.06249699946278293,6.988635740151431
auecques,6,0.06249699946278293,7.987012274458779
philoftrate,6,0.06249699946278293,7.987012274458779
vnesorciere,6,0.06249699946278293,9.318180986868576
renier,6,0.06249699946278293,9.318180986868576
olaus,6,0.06249699946278293,9.318180986868576
cés,6,0.06249699946278293,6.988635740151431
confeffé,6,0.06249699946278293,6.212120657912384
conueincu,6,0.06249699946278293,9.318180986868576
nya,6,0.06249699946278293,4.659090493434288
nommee,6,0.06249699946278293,9.318180986868576
paction,6,0.06249699946278293,9.318180986868576
haruillier,6,0.06249699946278293,9.318180986868576
accu,6,0.06249699946278293,5.082644174655587
preuenu,6,0.06249699946278293,6.212120657912384
prefom,6,0.06249699946278293,9.318180986868576
preuues,6,0.06249699946278293,6.988635740151431
euidence,6,0.06249699946278293,9.318180986868576
preu,6,0.06249699946278293,4.300698917016266
determination,4,0.06249828541088854,9.318180986868576
deftruire,4,0.06249828541088854,9.318180986868576
nés,4,0.06249828541088854,9.318180986868576
elemétaire,4,0.06249828541088854,9.318180986868576
medee,4,0.06249828541088854,9.318180986868576
fentira,4,0.06249828541088854,9.318180986868576
malines,4,0.06249828541088854,9.318180986868576
adoroient,4,0.06249828541088854,9.318180986868576
ieufnes,4,0.06249828541088854,9.318180986868576
enforcelez,4,0.06249828541088854,9.318180986868576
vj,4,0.06249828541088854,9.318180986868576
inuocatio,4,0.06249828541088854,9.318180986868576
enchanteurs,4,0.06249828541088854,9.318180986868576
dié,4,0.06249828541088854,9.318180986868576
racteres,4,0.06249828541088854,9.318180986868576
lesfonges,4,0.06249828541088854,9.318180986868576
fixieme,4,0.06249828541088854,9.318180986868576
pture,4,0.06249828541088854,9.318180986868576
dil,4,0.06249828541088854,9.318180986868576
ouuét,4,0.06249828541088854,9.318180986868576
vrim,4,0.06249828541088854,9.318180986868576
thummim,4,0.06249828541088854,9.318180986868576
exodi,4,0.06249828541088854,9.318180986868576
allegories,4,0.06249828541088854,9.318180986868576
sainéte,4,0.06249828541088854,9.318180986868576
zazel,4,0.06249828541088854,9.318180986868576
interroge,4,0.06249828541088854,9.318180986868576
sorcelerie,4,0.06249828541088854,9.318180986868576
dæmon,4,0.06249828541088854,9.318180986868576
furla,4,0.06249828541088854,9.318180986868576
damnation,4,0.06249828541088854,9.318180986868576
impoftures,4,0.06249828541088854,9.318180986868576
euangile,4,0.06249828541088854,9.318180986868576
mia,4,0.06249828541088854,9.318180986868576
recente,4,0.06249828541088854,9.318180986868576
tranfport,4,0.06249828541088854,9.318180986868576
vlrich,4,0.06249828541088854,9.318180986868576
confrontations,4,0.06249828541088854,9.318180986868576
satha,4,0.06249828541088854,9.318180986868576
ecftafe,4,0.06249828541088854,9.318180986868576
raiz,4,0.06249828541088854,9.318180986868576
certifié,4,0.06249828541088854,9.318180986868576
aci,4,0.06249828541088854,9.318180986868576
sachan,4,0.06249828541088854,9.318180986868576
oj,4,0.06249828541088854,9.318180986868576
cartes,4,0.06249828541088854,9.318180986868576
malef,4,0.06249828541088854,9.318180986868576
hilarion,4,0.06249828541088854,9.318180986868576
maçon,4,0.06249828541088854,9.318180986868576
procederà,4,0.06249828541088854,9.318180986868576
teflib,4,0.06249828541088854,9.318180986868576
salic,4,0.06249828541088854,9.318180986868576
probatio,4,0.06249828541088854,9.318180986868576
ficut,4,0.06249828541088854,9.318180986868576
fupernaturelles,4,0.06249828541088854,9.318180986868576
